               epoch,      train/box_loss,      train/obj_loss,      train/cls_loss,   metrics/precision,      metrics/recall,     metrics/mAP_0.5,metrics/mAP_0.5:0.95,        val/box_loss,        val/obj_loss,        val/cls_loss,               x/lr0,               x/lr1,               x/lr2
                   0,            0.079187,            0.040909,            0.047257,             0.50586,             0.36079,             0.43148,             0.16913,            0.042041,            0.013181,            0.038274,            0.070161,           0.0033154,           0.0033154
                   1,            0.055526,             0.03512,            0.041183,             0.45159,             0.55011,             0.43545,              0.1914,            0.039524,            0.011504,            0.032003,            0.040148,           0.0066356,           0.0066356
                   2,            0.052481,            0.032984,            0.035159,             0.41021,             0.47642,             0.40143,             0.16955,            0.035589,            0.012977,            0.023391,            0.010122,           0.0099425,           0.0099425
                   3,            0.050284,            0.032982,            0.030124,             0.50067,              0.4266,             0.37927,             0.14079,            0.041244,            0.013857,            0.028898,           0.0099406,           0.0099406,           0.0099406
                   4,            0.048328,            0.034335,            0.027061,             0.72283,             0.51385,             0.58198,             0.24072,             0.03876,            0.012279,            0.021231,           0.0099406,           0.0099406,           0.0099406
                   5,            0.047358,             0.03323,            0.025087,             0.50475,             0.49528,              0.4759,             0.21887,            0.035102,            0.014785,            0.015444,           0.0099208,           0.0099208,           0.0099208
                   6,            0.046973,             0.03309,            0.023795,             0.68075,             0.58726,             0.61753,              0.2812,            0.036787,             0.01369,            0.013971,            0.009901,            0.009901,            0.009901
                   7,            0.046581,            0.032441,            0.022512,             0.69325,             0.69514,             0.71765,             0.35061,            0.031347,            0.012281,            0.011651,           0.0098812,           0.0098812,           0.0098812
                   8,            0.045417,             0.03209,             0.02001,             0.74365,             0.65802,             0.71226,             0.34946,             0.03415,            0.013218,            0.013173,           0.0098614,           0.0098614,           0.0098614
                   9,            0.044625,             0.03205,            0.019355,             0.62655,             0.60613,             0.62919,             0.28186,            0.036264,            0.013358,            0.017973,           0.0098416,           0.0098416,           0.0098416
                  10,            0.043785,            0.031024,            0.018136,             0.76112,             0.57031,             0.67272,             0.34827,            0.037274,            0.011871,            0.018944,           0.0098218,           0.0098218,           0.0098218
                  11,            0.042967,            0.030511,            0.015846,             0.73473,             0.66405,             0.72558,             0.35978,            0.032227,            0.012876,            0.021641,            0.009802,            0.009802,            0.009802
                  12,            0.042787,            0.030348,            0.016826,             0.55168,             0.62261,             0.58022,             0.26042,            0.039104,            0.011826,            0.015986,           0.0097822,           0.0097822,           0.0097822
                  13,            0.042104,            0.030138,            0.015121,             0.78353,             0.66745,             0.75448,             0.39465,            0.031557,            0.011684,            0.015559,           0.0097624,           0.0097624,           0.0097624
                  14,            0.042078,            0.030219,            0.015004,             0.74596,             0.63841,             0.64343,             0.30752,            0.035972,            0.011607,            0.022351,           0.0097426,           0.0097426,           0.0097426
                  15,            0.041423,            0.030145,            0.013532,             0.75731,             0.61792,             0.67723,             0.31414,            0.033984,            0.011926,            0.020798,           0.0097228,           0.0097228,           0.0097228
                  16,            0.041022,            0.029787,            0.012367,             0.79317,             0.65292,             0.73693,             0.37636,             0.03369,             0.01181,            0.018018,            0.009703,            0.009703,            0.009703
                  17,            0.040672,            0.029633,            0.012896,             0.80082,             0.67472,             0.73223,             0.37937,            0.033343,            0.012034,            0.017064,           0.0096832,           0.0096832,           0.0096832
                  18,            0.039422,            0.029342,            0.012289,             0.76133,             0.61883,             0.71817,             0.38181,             0.03078,            0.012769,            0.012411,           0.0096634,           0.0096634,           0.0096634
                  19,            0.039686,            0.029042,            0.010841,              0.7447,             0.74904,             0.75421,             0.39711,             0.03259,            0.012256,            0.010936,           0.0096436,           0.0096436,           0.0096436
                  20,            0.038951,            0.028312,            0.011686,             0.77442,             0.71172,             0.73196,             0.39454,            0.032785,             0.01207,            0.011447,           0.0096238,           0.0096238,           0.0096238
                  21,            0.038845,            0.028627,            0.010543,             0.80382,             0.65562,             0.73789,             0.39559,            0.032215,            0.011988,            0.021419,            0.009604,            0.009604,            0.009604
                  22,            0.038442,            0.028582,           0.0098768,             0.75553,             0.75695,             0.79153,              0.4111,            0.031211,            0.011705,           0.0088759,           0.0095842,           0.0095842,           0.0095842
                  23,            0.037731,            0.027745,           0.0091417,             0.67494,             0.67992,             0.67995,             0.35489,            0.030906,            0.012126,            0.011275,           0.0095644,           0.0095644,           0.0095644
                  24,            0.037954,            0.027262,           0.0092501,             0.73278,              0.7159,             0.76463,             0.39378,            0.032165,            0.012587,            0.011091,           0.0095446,           0.0095446,           0.0095446
                  25,            0.037214,            0.026413,           0.0090536,             0.73787,             0.74292,              0.7531,             0.40051,            0.031679,             0.01197,           0.0091138,           0.0095248,           0.0095248,           0.0095248
                  26,            0.036863,            0.027356,           0.0094893,             0.78008,             0.70144,             0.76846,             0.39003,            0.032252,            0.011862,            0.010032,            0.009505,            0.009505,            0.009505
                  27,            0.036727,            0.026666,            0.008463,             0.84841,             0.72341,             0.80262,             0.41535,            0.031031,            0.012269,           0.0071525,           0.0094852,           0.0094852,           0.0094852
                  28,            0.036289,            0.026187,            0.008174,             0.77953,             0.76415,             0.79158,             0.40898,            0.032375,            0.011914,           0.0084953,           0.0094654,           0.0094654,           0.0094654
                  29,            0.035982,            0.026345,           0.0079237,             0.81456,             0.68037,             0.75653,             0.42961,             0.03125,            0.012745,            0.012993,           0.0094456,           0.0094456,           0.0094456
                  30,            0.035274,            0.026147,           0.0078637,             0.78187,             0.68909,             0.75644,             0.39459,            0.030511,            0.011749,             0.01203,           0.0094258,           0.0094258,           0.0094258
                  31,            0.035294,            0.025847,           0.0081028,             0.73555,             0.73524,             0.76204,              0.3926,            0.030096,             0.01236,           0.0081601,            0.009406,            0.009406,            0.009406
                  32,             0.03528,            0.025542,           0.0078422,             0.75578,             0.70498,             0.73456,             0.35446,            0.032243,            0.012276,            0.013168,           0.0093862,           0.0093862,           0.0093862
                  33,            0.034156,            0.025395,           0.0070586,             0.78146,             0.76651,              0.7843,             0.43003,            0.031459,            0.011495,           0.0091391,           0.0093664,           0.0093664,           0.0093664
                  34,            0.033933,            0.025211,           0.0072351,             0.75258,             0.64151,             0.66491,             0.35048,            0.034213,             0.01264,            0.016773,           0.0093466,           0.0093466,           0.0093466
                  35,             0.03416,            0.025201,           0.0065404,             0.74165,             0.75943,             0.77681,             0.42206,            0.030747,             0.01212,           0.0080897,           0.0093268,           0.0093268,           0.0093268
                  36,            0.033907,             0.02447,           0.0070201,             0.80182,             0.63867,             0.72075,             0.37051,            0.033288,            0.012304,            0.018719,            0.009307,            0.009307,            0.009307
                  37,            0.033845,            0.024804,            0.006463,             0.74716,             0.70094,             0.72402,             0.37482,            0.032313,            0.011986,            0.011552,           0.0092872,           0.0092872,           0.0092872
                  38,            0.033906,            0.024157,            0.006951,             0.72884,             0.69846,             0.70472,             0.37479,            0.031025,            0.011995,             0.01534,           0.0092674,           0.0092674,           0.0092674
                  39,            0.033167,            0.024561,            0.006378,             0.79617,             0.68396,             0.73824,             0.38262,            0.032479,            0.012429,            0.018294,           0.0092476,           0.0092476,           0.0092476
                  40,            0.033021,            0.023968,           0.0069267,             0.72613,              0.6934,             0.71993,             0.38721,            0.031353,            0.012223,            0.011593,           0.0092278,           0.0092278,           0.0092278
                  41,            0.032986,            0.024309,           0.0062352,             0.82318,             0.75271,             0.78608,             0.41724,            0.029776,            0.012088,            0.008607,            0.009208,            0.009208,            0.009208
                  42,            0.032444,            0.024215,           0.0059086,             0.73812,             0.74437,             0.76512,             0.40751,            0.030193,            0.011953,           0.0082958,           0.0091882,           0.0091882,           0.0091882
                  43,            0.032644,            0.023596,           0.0059711,             0.81275,             0.75629,              0.7865,             0.43623,            0.030936,            0.012871,            0.013704,           0.0091684,           0.0091684,           0.0091684
                  44,            0.032052,            0.024066,           0.0056958,             0.82497,             0.69511,              0.7748,             0.41857,            0.030033,            0.012355,            0.011191,           0.0091486,           0.0091486,           0.0091486
                  45,             0.03167,            0.022878,           0.0056599,             0.81297,             0.70732,             0.76256,             0.41435,            0.031725,            0.013134,            0.010101,           0.0091288,           0.0091288,           0.0091288
                  46,            0.031564,            0.023107,           0.0050878,             0.81117,             0.74305,             0.77363,             0.41202,             0.03129,            0.012674,           0.0070766,            0.009109,            0.009109,            0.009109
                  47,            0.032094,            0.023191,           0.0057213,             0.73263,             0.72999,             0.73598,             0.39354,            0.029877,            0.013002,           0.0086632,           0.0090892,           0.0090892,           0.0090892
                  48,            0.031328,            0.023459,           0.0055259,             0.77941,             0.74528,             0.76969,             0.42285,            0.030034,            0.012782,            0.011604,           0.0090694,           0.0090694,           0.0090694
                  49,            0.031085,            0.022927,           0.0056403,             0.77216,             0.73821,             0.76218,             0.43579,             0.02933,            0.012259,           0.0087408,           0.0090496,           0.0090496,           0.0090496
                  50,             0.03119,            0.022646,           0.0058805,             0.83123,             0.64458,               0.743,             0.41195,            0.031688,             0.01263,            0.017096,           0.0090298,           0.0090298,           0.0090298
                  51,            0.030879,            0.022723,           0.0053601,             0.79952,             0.71315,             0.77075,             0.41574,            0.031469,            0.012616,            0.010299,             0.00901,             0.00901,             0.00901
                  52,            0.030814,            0.022598,           0.0053485,             0.81606,             0.67625,              0.7332,             0.41247,            0.032999,            0.012856,            0.013266,           0.0089902,           0.0089902,           0.0089902
                  53,            0.031324,            0.022126,           0.0051659,             0.79999,              0.7503,             0.76712,             0.43236,            0.032392,            0.012768,           0.0092218,           0.0089704,           0.0089704,           0.0089704
                  54,            0.030827,            0.022146,           0.0053958,             0.81238,             0.70283,             0.73407,             0.39789,            0.031388,            0.013612,            0.010927,           0.0089506,           0.0089506,           0.0089506
                  55,            0.030045,            0.022091,           0.0054423,             0.81338,             0.70146,             0.76291,             0.42839,            0.032056,            0.013282,            0.011563,           0.0089308,           0.0089308,           0.0089308
                  56,            0.030374,            0.022015,           0.0049867,             0.81644,             0.69811,             0.75506,             0.41124,            0.031329,            0.013409,           0.0092621,            0.008911,            0.008911,            0.008911
                  57,            0.030021,            0.021838,           0.0053658,             0.79156,             0.71322,             0.75118,             0.41703,            0.030613,             0.01254,            0.010438,           0.0088912,           0.0088912,           0.0088912
                  58,            0.030051,            0.022175,           0.0052467,             0.76239,             0.67217,             0.73368,             0.41213,            0.032261,            0.014008,            0.015896,           0.0088714,           0.0088714,           0.0088714
                  59,             0.03027,             0.02239,           0.0054538,             0.83722,             0.64858,              0.7464,             0.42243,            0.031793,            0.013452,             0.01873,           0.0088516,           0.0088516,           0.0088516
                  60,             0.02983,              0.0222,           0.0048907,             0.79873,             0.73027,             0.76283,             0.41471,            0.031072,            0.012932,            0.011367,           0.0088318,           0.0088318,           0.0088318
                  61,            0.029509,            0.021984,           0.0051439,             0.82653,             0.70519,             0.77581,              0.4292,            0.031622,            0.013445,            0.014776,            0.008812,            0.008812,            0.008812
                  62,            0.029416,            0.022359,           0.0047817,             0.84015,              0.7094,             0.77663,              0.4213,            0.032507,             0.01299,            0.011454,           0.0087922,           0.0087922,           0.0087922
                  63,             0.02912,            0.021067,           0.0046421,             0.82335,             0.69887,             0.76425,             0.41898,            0.033047,            0.012951,            0.014436,           0.0087724,           0.0087724,           0.0087724
                  64,            0.029193,              0.0217,            0.004768,             0.82307,             0.72534,             0.78065,             0.44311,               0.031,            0.012544,            0.016493,           0.0087526,           0.0087526,           0.0087526
                  65,            0.029297,            0.021692,           0.0046998,             0.77137,             0.68625,             0.72195,             0.38894,            0.031233,            0.013514,            0.013367,           0.0087328,           0.0087328,           0.0087328
                  66,            0.028615,            0.020472,           0.0043691,             0.77418,              0.7306,             0.76409,             0.42609,            0.032065,            0.013659,           0.0081703,            0.008713,            0.008713,            0.008713
                  67,             0.02874,            0.021382,           0.0046538,             0.81276,             0.69854,             0.76238,             0.42924,            0.031482,            0.013094,            0.013848,           0.0086932,           0.0086932,           0.0086932
                  68,            0.028636,            0.021276,            0.004704,              0.7909,             0.71165,             0.77125,             0.43895,            0.029997,            0.012779,           0.0092825,           0.0086734,           0.0086734,           0.0086734
                  69,            0.028192,            0.021011,           0.0043708,             0.76686,             0.73585,             0.77679,             0.44426,            0.031366,            0.013042,           0.0092595,           0.0086536,           0.0086536,           0.0086536
                  70,            0.028483,            0.020746,           0.0039588,             0.86639,             0.70591,             0.79543,             0.45076,            0.031922,            0.012789,            0.013868,           0.0086338,           0.0086338,           0.0086338
                  71,            0.027619,            0.020482,           0.0042939,             0.82689,             0.74057,             0.80323,             0.46281,            0.031035,            0.013217,            0.011822,            0.008614,            0.008614,            0.008614
                  72,            0.027929,            0.020522,             0.00411,             0.84205,             0.71646,             0.76903,             0.44151,            0.032001,            0.014058,            0.011616,           0.0085942,           0.0085942,           0.0085942
                  73,             0.02797,            0.020132,           0.0039938,             0.85716,             0.70755,             0.78361,             0.44486,            0.032042,            0.013744,            0.014898,           0.0085744,           0.0085744,           0.0085744
                  74,            0.028067,            0.020566,            0.004309,             0.82358,             0.69634,             0.73325,             0.40748,            0.032363,            0.013624,             0.01806,           0.0085546,           0.0085546,           0.0085546
                  75,            0.027889,            0.020089,           0.0039971,             0.83554,             0.69987,             0.75711,             0.41039,            0.031235,            0.013687,            0.011882,           0.0085348,           0.0085348,           0.0085348
                  76,            0.028172,            0.020752,           0.0048159,             0.81344,              0.7298,             0.76811,             0.43263,            0.031208,            0.013337,            0.013989,            0.008515,            0.008515,            0.008515
                  77,            0.027925,            0.020266,           0.0045169,             0.86847,             0.71216,             0.80183,             0.43736,            0.031118,            0.012972,            0.011994,           0.0084952,           0.0084952,           0.0084952
                  78,            0.027524,            0.019836,            0.004152,             0.91648,             0.68505,             0.79046,             0.44334,            0.031546,            0.013369,            0.013258,           0.0084754,           0.0084754,           0.0084754
                  79,            0.027467,            0.019675,           0.0038704,             0.85662,             0.71931,             0.78549,             0.45807,            0.030685,            0.013326,            0.011411,           0.0084556,           0.0084556,           0.0084556
                  80,            0.027024,            0.019841,           0.0036922,             0.86382,             0.69046,             0.77038,             0.43462,             0.03106,            0.014134,            0.012462,           0.0084358,           0.0084358,           0.0084358
                  81,            0.027217,            0.020274,           0.0037341,             0.84794,             0.74333,             0.79968,               0.465,            0.031268,            0.013878,           0.0098704,            0.008416,            0.008416,            0.008416
                  82,            0.026971,            0.019992,           0.0035942,             0.86853,             0.69445,             0.76312,             0.43017,            0.032556,             0.01395,            0.013762,           0.0083962,           0.0083962,           0.0083962
                  83,            0.026911,             0.01997,           0.0034149,             0.85641,             0.64177,             0.74595,             0.42629,            0.032874,             0.01445,            0.013552,           0.0083764,           0.0083764,           0.0083764
                  84,            0.026814,            0.019676,           0.0037934,             0.83015,              0.7348,             0.78724,             0.44483,             0.03152,            0.013596,             0.01373,           0.0083566,           0.0083566,           0.0083566
                  85,            0.026701,            0.019848,           0.0040276,             0.80748,             0.72573,             0.76436,             0.42947,            0.031316,            0.014262,            0.012361,           0.0083368,           0.0083368,           0.0083368
                  86,            0.027089,            0.019559,            0.003882,             0.80228,             0.66295,             0.73148,              0.4206,            0.032655,            0.014752,            0.013503,            0.008317,            0.008317,            0.008317
                  87,             0.02704,             0.01943,           0.0038302,             0.85533,             0.69254,             0.75302,             0.43249,            0.031952,            0.013967,            0.011583,           0.0082972,           0.0082972,           0.0082972
                  88,             0.02633,            0.019582,            0.003298,             0.80004,             0.66981,             0.72287,             0.40213,            0.031746,            0.014215,            0.016104,           0.0082774,           0.0082774,           0.0082774
                  89,            0.026072,            0.019371,            0.003713,             0.86869,             0.73882,             0.78949,             0.44684,            0.030828,            0.012952,           0.0098763,           0.0082576,           0.0082576,           0.0082576
                  90,            0.026327,            0.019272,           0.0033978,             0.86929,               0.723,             0.77614,              0.4514,             0.03171,            0.013946,            0.014448,           0.0082378,           0.0082378,           0.0082378
                  91,               0.026,            0.019182,           0.0032827,             0.83732,             0.72642,              0.7868,             0.45312,            0.031942,            0.014739,            0.013399,            0.008218,            0.008218,            0.008218
                  92,            0.026116,            0.019204,           0.0036806,              0.8399,              0.7217,             0.78346,             0.44469,            0.030786,            0.014594,            0.012522,           0.0081982,           0.0081982,           0.0081982
                  93,            0.026045,            0.019258,           0.0034233,             0.84291,             0.72188,             0.77329,               0.426,            0.031925,            0.013412,            0.015886,           0.0081784,           0.0081784,           0.0081784
                  94,            0.025535,            0.019077,           0.0033284,             0.80462,             0.67925,             0.72409,             0.40028,             0.03289,            0.014649,            0.015512,           0.0081586,           0.0081586,           0.0081586
                  95,            0.025839,            0.018954,           0.0033659,             0.85317,              0.6838,                0.75,             0.42876,            0.031734,            0.013612,            0.016042,           0.0081388,           0.0081388,           0.0081388
                  96,            0.025694,            0.019331,           0.0038047,             0.85676,             0.72769,             0.78522,             0.44116,            0.031774,            0.013948,            0.013648,            0.008119,            0.008119,            0.008119
                  97,            0.025825,            0.019277,           0.0039717,             0.83361,             0.71499,             0.76121,             0.43153,             0.03189,            0.013427,            0.017335,           0.0080992,           0.0080992,           0.0080992
                  98,             0.02588,             0.01941,           0.0034347,             0.82708,             0.72406,             0.77228,             0.44048,            0.030807,            0.014089,            0.009634,           0.0080794,           0.0080794,           0.0080794
                  99,             0.02549,            0.019186,           0.0029654,             0.81887,             0.73349,             0.77716,             0.43889,            0.031579,             0.01429,            0.011678,           0.0080596,           0.0080596,           0.0080596
                 100,            0.025522,            0.018375,           0.0033501,             0.87476,             0.71361,              0.7812,             0.43887,            0.032097,            0.014737,           0.0095438,           0.0080398,           0.0080398,           0.0080398
                 101,            0.025541,            0.019166,           0.0033155,             0.88199,             0.70883,             0.77723,             0.43316,            0.030419,            0.015115,            0.012339,             0.00802,             0.00802,             0.00802
                 102,            0.025262,            0.018739,           0.0035835,              0.8828,             0.71152,             0.76062,             0.42897,            0.032661,            0.014187,            0.011999,           0.0080002,           0.0080002,           0.0080002
                 103,            0.025336,            0.018829,           0.0035182,             0.82355,             0.70047,             0.75487,             0.43576,            0.031536,            0.014283,             0.01498,           0.0079804,           0.0079804,           0.0079804
                 104,            0.025385,            0.018691,           0.0032571,             0.85434,             0.68632,             0.75497,             0.43097,            0.032997,            0.014147,            0.015961,           0.0079606,           0.0079606,           0.0079606
                 105,            0.025114,            0.018626,            0.003112,             0.82507,             0.70991,             0.75512,             0.43068,            0.031539,            0.014385,            0.012137,           0.0079408,           0.0079408,           0.0079408
                 106,            0.025486,            0.018891,           0.0033988,             0.86904,             0.69952,             0.77031,             0.43325,            0.032667,            0.014958,            0.012561,            0.007921,            0.007921,            0.007921
                 107,            0.024881,            0.018332,           0.0031808,             0.82769,             0.75228,             0.78366,             0.44739,            0.031972,             0.01494,            0.012349,           0.0079012,           0.0079012,           0.0079012
                 108,            0.025037,            0.018269,           0.0031709,             0.84332,             0.72642,             0.77217,             0.43711,            0.031052,            0.014115,            0.012669,           0.0078814,           0.0078814,           0.0078814
                 109,            0.024679,            0.018657,           0.0031525,             0.87323,             0.69468,             0.77541,             0.43766,            0.031419,            0.014522,            0.013479,           0.0078616,           0.0078616,           0.0078616
                 110,            0.025075,            0.018274,           0.0031142,             0.87776,             0.71493,             0.79456,             0.46071,            0.031278,            0.014361,            0.011397,           0.0078418,           0.0078418,           0.0078418
                 111,            0.024901,            0.018514,            0.003319,             0.83217,             0.71619,             0.75989,              0.4341,            0.032321,            0.013973,            0.011101,            0.007822,            0.007822,            0.007822
                 112,            0.024617,            0.018341,           0.0030784,             0.81658,             0.70984,             0.76826,             0.43678,            0.032684,            0.014634,             0.01634,           0.0078022,           0.0078022,           0.0078022
                 113,            0.024409,             0.01842,           0.0029043,             0.87962,             0.73349,             0.78737,             0.44905,            0.032497,            0.013933,            0.011237,           0.0077824,           0.0077824,           0.0077824
                 114,            0.025065,            0.018713,           0.0030429,             0.82574,             0.74292,             0.76226,             0.42408,            0.032322,            0.013784,           0.0091205,           0.0077626,           0.0077626,           0.0077626
                 115,            0.024187,            0.018419,           0.0028961,             0.80071,             0.75472,             0.76918,             0.44758,            0.032203,            0.014015,           0.0087615,           0.0077428,           0.0077428,           0.0077428
                 116,            0.024594,            0.018448,           0.0031888,             0.86639,             0.72703,             0.77536,              0.4458,            0.031929,            0.014404,              0.0122,            0.007723,            0.007723,            0.007723
                 117,             0.02467,            0.018431,           0.0035905,             0.88264,             0.69575,             0.78745,             0.44372,            0.032408,            0.014299,            0.014296,           0.0077032,           0.0077032,           0.0077032
                 118,            0.024445,            0.018385,           0.0032441,             0.84734,             0.71403,             0.76722,             0.43395,            0.033054,            0.014204,            0.013069,           0.0076834,           0.0076834,           0.0076834
                 119,            0.024064,            0.018215,           0.0030684,              0.8406,             0.71509,             0.76823,              0.4492,            0.031646,            0.014793,            0.011645,           0.0076636,           0.0076636,           0.0076636
                 120,            0.024302,            0.018288,           0.0027928,             0.88708,             0.70047,             0.77754,             0.43326,            0.032611,            0.014604,            0.012741,           0.0076438,           0.0076438,           0.0076438
                 121,            0.023886,            0.017871,           0.0029218,             0.85876,             0.71934,             0.77932,             0.44478,            0.031564,            0.014798,            0.010587,            0.007624,            0.007624,            0.007624
                 122,            0.023775,            0.017911,           0.0025552,             0.82602,             0.73349,             0.78411,             0.44598,             0.03149,            0.014672,            0.010936,           0.0076042,           0.0076042,           0.0076042
                 123,            0.024167,            0.018119,           0.0031121,             0.85163,             0.68833,             0.78231,             0.44447,            0.031205,            0.014265,            0.011825,           0.0075844,           0.0075844,           0.0075844
                 124,            0.024167,            0.017575,           0.0030878,             0.86152,             0.73652,             0.79855,             0.46021,            0.031507,            0.014487,            0.010656,           0.0075646,           0.0075646,           0.0075646
                 125,            0.023938,            0.017857,           0.0029668,             0.88474,             0.70104,             0.78731,             0.45458,            0.031699,            0.014821,            0.010342,           0.0075448,           0.0075448,           0.0075448
                 126,            0.023752,            0.017259,           0.0025884,             0.87972,             0.70283,             0.78233,             0.44127,            0.031613,            0.015304,            0.012284,            0.007525,            0.007525,            0.007525
                 127,            0.023551,            0.018114,           0.0030551,             0.84891,               0.737,             0.79921,             0.46212,            0.031457,            0.014309,             0.01143,           0.0075052,           0.0075052,           0.0075052
                 128,            0.023672,            0.017875,           0.0031659,             0.86365,             0.72546,             0.78588,             0.44362,            0.032228,            0.014155,            0.011096,           0.0074854,           0.0074854,           0.0074854
                 129,            0.023677,             0.01794,           0.0029633,             0.85646,             0.70537,             0.77783,             0.44103,            0.032859,              0.0141,            0.014486,           0.0074656,           0.0074656,           0.0074656
                 130,            0.023932,            0.017994,           0.0027857,             0.79149,             0.75236,             0.78184,             0.43329,            0.032486,            0.013909,            0.011226,           0.0074458,           0.0074458,           0.0074458
                 131,             0.02365,            0.017767,           0.0028738,             0.86135,             0.73271,             0.79912,             0.45308,            0.031329,            0.013809,           0.0084309,            0.007426,            0.007426,            0.007426
                 132,            0.023471,            0.017497,           0.0027428,             0.86627,             0.71462,             0.78781,             0.44833,            0.031788,            0.014221,            0.010779,           0.0074062,           0.0074062,           0.0074062
                 133,            0.023295,            0.017214,           0.0028371,             0.88855,             0.72642,             0.79039,             0.45399,            0.030838,            0.014525,            0.010756,           0.0073864,           0.0073864,           0.0073864
                 134,              0.0236,            0.017563,            0.002972,             0.82821,             0.73219,             0.79603,             0.46202,            0.031349,            0.014931,           0.0095462,           0.0073666,           0.0073666,           0.0073666
                 135,            0.023314,            0.017441,           0.0025676,             0.90755,             0.70637,              0.7836,             0.46277,            0.031511,             0.01482,             0.01051,           0.0073468,           0.0073468,           0.0073468
                 136,            0.023142,            0.017415,           0.0026648,             0.92099,             0.68339,             0.78573,             0.46873,            0.032678,            0.015571,            0.010517,            0.007327,            0.007327,            0.007327
                 137,            0.023308,            0.017402,           0.0029213,             0.89489,             0.69426,              0.7907,             0.46138,            0.031348,            0.015258,            0.010252,           0.0073072,           0.0073072,           0.0073072
                 138,            0.023135,            0.017204,           0.0028391,             0.87937,             0.71226,             0.79725,             0.45824,            0.031259,            0.015108,             0.01065,           0.0072874,           0.0072874,           0.0072874
                 139,            0.022978,            0.017532,           0.0024006,             0.84588,             0.72155,             0.79607,             0.45704,            0.031703,            0.014833,             0.01136,           0.0072676,           0.0072676,           0.0072676
                 140,            0.023086,            0.017511,           0.0026897,             0.87502,             0.71697,             0.79934,             0.45852,            0.031105,            0.015098,            0.012286,           0.0072478,           0.0072478,           0.0072478
                 141,            0.023367,            0.017127,           0.0028222,             0.87739,             0.73566,             0.80534,             0.46524,            0.031537,             0.01501,            0.010355,            0.007228,            0.007228,            0.007228
                 142,            0.023001,            0.017486,           0.0024376,             0.85726,             0.71923,             0.78216,              0.4451,            0.032248,            0.015046,            0.013654,           0.0072082,           0.0072082,           0.0072082
                 143,            0.022888,            0.017344,           0.0024815,             0.84593,             0.70047,             0.76581,             0.44554,            0.031096,            0.015047,             0.01184,           0.0071884,           0.0071884,           0.0071884
                 144,            0.022712,            0.017199,           0.0023372,              0.8832,             0.70981,             0.77625,              0.4438,            0.031373,            0.015495,            0.011699,           0.0071686,           0.0071686,           0.0071686
                 145,             0.02261,            0.017423,           0.0026397,             0.86452,             0.71867,             0.78131,             0.45608,            0.031597,            0.014996,            0.012458,           0.0071488,           0.0071488,           0.0071488
                 146,            0.022657,            0.016632,           0.0026842,              0.8396,              0.7217,             0.77378,             0.44497,            0.031139,            0.015559,            0.010561,            0.007129,            0.007129,            0.007129
                 147,            0.022806,            0.017213,           0.0026878,             0.85571,             0.70399,             0.76985,             0.45563,            0.030826,            0.015252,           0.0080153,           0.0071092,           0.0071092,           0.0071092
                 148,            0.022553,            0.017389,           0.0025149,             0.86515,             0.71698,             0.78314,             0.45573,            0.031638,            0.015129,             0.01111,           0.0070894,           0.0070894,           0.0070894
                 149,            0.022845,            0.016918,           0.0024627,             0.86114,             0.73917,             0.78352,             0.45399,             0.03121,            0.014967,            0.011446,           0.0070696,           0.0070696,           0.0070696
                 150,            0.022686,            0.017369,           0.0028242,             0.83312,             0.73926,             0.78781,             0.46154,            0.030064,            0.014926,            0.010932,           0.0070498,           0.0070498,           0.0070498
                 151,            0.022217,            0.016794,           0.0023919,             0.82525,             0.74468,             0.79248,             0.46072,            0.030208,            0.015022,             0.01007,             0.00703,             0.00703,             0.00703
                 152,            0.022074,            0.017076,           0.0024458,             0.85031,             0.69686,             0.77812,             0.45921,            0.031392,            0.015417,             0.01171,           0.0070102,           0.0070102,           0.0070102
                 153,            0.022445,            0.017127,           0.0023673,             0.85055,             0.72406,              0.7986,             0.46134,            0.031215,            0.015195,            0.012213,           0.0069904,           0.0069904,           0.0069904
                 154,            0.022279,            0.016869,           0.0022763,             0.84022,             0.74325,             0.80351,             0.46148,            0.030877,            0.015092,             0.01024,           0.0069706,           0.0069706,           0.0069706
                 155,            0.022449,            0.016902,           0.0024586,             0.84214,             0.71983,             0.79301,              0.4581,            0.030636,            0.015443,            0.010661,           0.0069508,           0.0069508,           0.0069508
                 156,            0.022389,            0.017015,           0.0027031,             0.82393,             0.70374,             0.77653,             0.45065,            0.031173,            0.015748,            0.012371,            0.006931,            0.006931,            0.006931
                 157,            0.022144,            0.016907,           0.0026011,             0.84555,             0.72305,             0.78466,             0.46943,            0.029892,            0.015277,           0.0088124,           0.0069112,           0.0069112,           0.0069112
                 158,            0.021927,            0.016919,           0.0019881,             0.84242,             0.73036,             0.77338,             0.45818,             0.03062,            0.015331,           0.0099133,           0.0068914,           0.0068914,           0.0068914
                 159,            0.022437,            0.016788,           0.0021119,             0.83389,             0.72713,             0.78289,             0.45291,            0.030722,            0.015269,            0.011044,           0.0068716,           0.0068716,           0.0068716
                 160,            0.022473,             0.01652,           0.0026856,             0.84287,             0.71934,             0.77947,             0.44786,            0.030625,            0.015358,            0.012493,           0.0068518,           0.0068518,           0.0068518
                 161,             0.02252,             0.01689,           0.0025996,             0.85975,             0.70519,             0.78263,             0.45894,            0.031464,            0.015655,            0.013096,            0.006832,            0.006832,            0.006832
                 162,            0.022535,            0.016738,           0.0024953,             0.86345,             0.72135,             0.78822,             0.46455,              0.0312,            0.014999,            0.011868,           0.0068122,           0.0068122,           0.0068122
                 163,            0.022362,             0.01667,           0.0024395,             0.85731,             0.71163,             0.78661,             0.46635,            0.031441,            0.015519,             0.01298,           0.0067924,           0.0067924,           0.0067924
                 164,            0.022085,            0.016307,           0.0023227,              0.8483,             0.72406,             0.80096,             0.47116,            0.031357,            0.015956,             0.01173,           0.0067726,           0.0067726,           0.0067726
                 165,            0.021941,            0.016639,           0.0025927,             0.84893,             0.73113,             0.79291,             0.46172,            0.031585,            0.015419,            0.011587,           0.0067528,           0.0067528,           0.0067528
                 166,            0.022139,            0.016335,           0.0026744,             0.83426,             0.74274,             0.78947,             0.45132,            0.031686,            0.014941,            0.010728,            0.006733,            0.006733,            0.006733
                 167,            0.022382,            0.016527,           0.0023996,              0.8621,              0.7369,             0.79454,             0.45531,            0.031697,            0.014456,            0.011897,           0.0067132,           0.0067132,           0.0067132
                 168,            0.021886,            0.016638,           0.0024298,             0.84114,             0.75392,             0.79655,             0.46112,            0.031662,            0.014445,            0.011601,           0.0066934,           0.0066934,           0.0066934
                 169,            0.022042,            0.016628,           0.0024545,             0.87567,             0.75407,             0.80889,             0.45277,            0.031829,            0.014639,            0.011478,           0.0066736,           0.0066736,           0.0066736
                 170,            0.022225,            0.016756,           0.0022814,             0.82961,             0.73716,             0.79648,             0.44942,            0.031696,            0.014814,            0.012188,           0.0066538,           0.0066538,           0.0066538
                 171,            0.021545,            0.016334,           0.0022248,             0.84525,             0.75708,             0.80883,             0.45603,            0.031622,            0.014491,            0.010352,            0.006634,            0.006634,            0.006634
                 172,             0.02137,            0.016495,           0.0022727,             0.88187,             0.73986,             0.80495,             0.45972,             0.03186,            0.015091,            0.010645,           0.0066142,           0.0066142,           0.0066142
                 173,             0.02164,            0.016048,           0.0020366,             0.87124,             0.73585,             0.79363,             0.45493,            0.031982,            0.015626,            0.012136,           0.0065944,           0.0065944,           0.0065944
                 174,            0.021579,            0.015896,           0.0022708,             0.85137,             0.71934,             0.78419,             0.45566,            0.032076,            0.015536,            0.013336,           0.0065746,           0.0065746,           0.0065746
                 175,            0.021886,            0.016464,           0.0023079,             0.87865,             0.70755,             0.79002,             0.45764,            0.031751,            0.015281,            0.013126,           0.0065548,           0.0065548,           0.0065548
                 176,            0.021919,            0.016525,           0.0023033,             0.85646,             0.71884,             0.79728,             0.45852,            0.031152,            0.015449,             0.01187,            0.006535,            0.006535,            0.006535
                 177,            0.021652,            0.016483,           0.0021332,             0.88516,             0.69285,              0.7894,             0.45918,            0.031093,            0.015748,            0.011672,           0.0065152,           0.0065152,           0.0065152
                 178,            0.021629,            0.016327,           0.0020151,             0.82468,             0.73043,             0.78191,             0.44603,            0.031423,            0.015552,            0.012031,           0.0064954,           0.0064954,           0.0064954
                 179,            0.021096,            0.016025,           0.0022073,             0.83706,             0.74294,             0.77976,             0.44751,            0.031005,            0.015704,             0.01195,           0.0064756,           0.0064756,           0.0064756
                 180,            0.021599,            0.016261,           0.0023881,             0.86319,             0.73034,             0.78381,             0.45465,            0.031299,            0.015759,            0.013085,           0.0064558,           0.0064558,           0.0064558
                 181,            0.021391,            0.016333,           0.0021971,             0.84827,             0.73585,             0.78489,             0.45568,             0.03131,            0.015625,            0.011349,            0.006436,            0.006436,            0.006436
                 182,            0.021649,            0.016445,           0.0021771,             0.86087,             0.72792,              0.7887,              0.4502,            0.031192,            0.015181,            0.012442,           0.0064162,           0.0064162,           0.0064162
                 183,            0.020846,            0.016184,           0.0019718,             0.86212,             0.73555,             0.78302,             0.44664,            0.031134,            0.015375,            0.012238,           0.0063964,           0.0063964,           0.0063964
                 184,            0.020996,            0.015936,           0.0022861,             0.85349,              0.7217,             0.79231,             0.44466,            0.031379,            0.015624,            0.013051,           0.0063766,           0.0063766,           0.0063766
                 185,            0.021169,            0.015939,           0.0023917,             0.84532,               0.716,             0.78874,             0.44461,            0.031241,            0.015528,            0.013532,           0.0063568,           0.0063568,           0.0063568
                 186,            0.021322,            0.015929,           0.0020544,             0.84382,              0.7172,             0.77983,              0.4429,            0.031545,            0.015551,            0.013133,            0.006337,            0.006337,            0.006337
                 187,            0.020969,            0.016172,           0.0021986,             0.84903,             0.71368,             0.77741,             0.43924,            0.031478,            0.015995,            0.013505,           0.0063172,           0.0063172,           0.0063172
                 188,            0.021074,            0.016578,           0.0021634,             0.84601,              0.7217,             0.77539,             0.43985,             0.03182,            0.015949,            0.013225,           0.0062974,           0.0062974,           0.0062974
                 189,            0.021459,            0.015609,            0.002106,             0.86407,             0.73332,             0.77799,             0.44167,            0.031675,            0.015541,            0.013412,           0.0062776,           0.0062776,           0.0062776
                 190,            0.021372,            0.016281,           0.0019992,             0.85279,             0.73585,             0.76928,             0.44458,            0.032108,            0.015834,            0.012821,           0.0062578,           0.0062578,           0.0062578
                 191,            0.020849,            0.015719,           0.0018918,             0.87318,             0.71462,             0.77332,             0.44581,            0.032223,            0.015839,            0.012036,            0.006238,            0.006238,            0.006238
                 192,            0.020844,            0.016042,           0.0020431,             0.85307,             0.71939,             0.77231,             0.45045,            0.031911,            0.015834,            0.012349,           0.0062182,           0.0062182,           0.0062182
                 193,            0.020959,            0.015733,           0.0019501,             0.85861,             0.70879,             0.77008,              0.4487,            0.031874,            0.015805,            0.011854,           0.0061984,           0.0061984,           0.0061984
                 194,            0.021198,             0.01619,           0.0022117,             0.81626,             0.72491,             0.76563,             0.44646,            0.032164,            0.015893,            0.011582,           0.0061786,           0.0061786,           0.0061786
                 195,            0.020605,            0.015808,           0.0021012,             0.82111,             0.72406,             0.76527,             0.44264,            0.032035,            0.015924,            0.011568,           0.0061588,           0.0061588,           0.0061588
                 196,             0.02083,            0.015526,           0.0019652,             0.82159,              0.7159,             0.75681,              0.4387,            0.031689,            0.016074,            0.011971,            0.006139,            0.006139,            0.006139
                 197,            0.020792,            0.015609,           0.0024627,             0.83147,             0.71263,             0.76187,             0.44558,            0.031525,            0.016103,            0.012394,           0.0061192,           0.0061192,           0.0061192
                 198,            0.021047,            0.015999,           0.0021551,             0.84932,             0.70339,             0.76272,             0.44849,            0.031898,            0.016304,            0.013248,           0.0060994,           0.0060994,           0.0060994
                 199,            0.020519,             0.01574,           0.0019987,             0.86675,              0.6895,             0.76378,             0.44841,            0.032007,            0.016212,             0.01422,           0.0060796,           0.0060796,           0.0060796
                 200,            0.020684,            0.015692,           0.0019042,             0.85858,             0.68625,             0.76367,             0.44698,            0.032115,            0.016042,            0.013453,           0.0060598,           0.0060598,           0.0060598
                 201,            0.020386,              0.0155,           0.0020963,             0.84196,              0.6907,             0.76102,             0.44409,            0.032038,            0.016245,            0.013366,             0.00604,             0.00604,             0.00604
                 202,            0.020814,            0.016056,           0.0022017,              0.8552,             0.69924,             0.77077,              0.4455,            0.032029,            0.016119,            0.013156,           0.0060202,           0.0060202,           0.0060202
                 203,            0.020373,            0.015778,           0.0020914,             0.83208,              0.7021,             0.75972,             0.44529,            0.031941,            0.016317,            0.013158,           0.0060004,           0.0060004,           0.0060004
                 204,            0.020475,            0.015894,           0.0021321,             0.82203,             0.70703,             0.75429,             0.44177,            0.031842,             0.01622,             0.01286,           0.0059806,           0.0059806,           0.0059806
                 205,            0.020584,            0.015312,           0.0020951,             0.83278,             0.70755,             0.76338,             0.45083,            0.031788,            0.016106,            0.011944,           0.0059608,           0.0059608,           0.0059608
                 206,             0.02066,            0.015571,           0.0019549,             0.82982,             0.71623,             0.76668,             0.45357,            0.031547,             0.01632,            0.011587,            0.005941,            0.005941,            0.005941
                 207,            0.020649,            0.015827,           0.0017919,             0.82161,             0.71698,             0.76795,             0.44758,            0.031641,            0.016312,            0.011919,           0.0059212,           0.0059212,           0.0059212
                 208,             0.02007,            0.015639,           0.0019557,             0.85245,             0.71457,             0.77186,             0.45372,            0.031357,            0.016062,             0.01168,           0.0059014,           0.0059014,           0.0059014
                 209,            0.020479,            0.015309,           0.0017964,             0.83147,              0.7293,             0.76927,             0.44923,            0.031247,            0.016093,            0.011758,           0.0058816,           0.0058816,           0.0058816
                 210,            0.020421,            0.015559,           0.0018805,             0.84296,             0.71934,             0.76896,             0.44631,            0.031098,            0.016213,            0.011605,           0.0058618,           0.0058618,           0.0058618
                 211,             0.02032,             0.01533,           0.0020346,             0.84821,             0.71877,             0.77349,             0.45323,            0.031286,            0.016111,            0.011181,            0.005842,            0.005842,            0.005842
                 212,            0.020844,            0.015803,           0.0021085,             0.84418,             0.71554,             0.78309,             0.45858,            0.031348,             0.01612,            0.011968,           0.0058222,           0.0058222,           0.0058222
                 213,            0.020252,            0.014938,           0.0019214,             0.84922,             0.71248,             0.77609,             0.45056,            0.031217,            0.016102,            0.011815,           0.0058024,           0.0058024,           0.0058024
                 214,            0.020365,            0.014963,           0.0019084,             0.83782,             0.71681,             0.76833,             0.44798,            0.031278,            0.016246,            0.012709,           0.0057826,           0.0057826,           0.0057826
                 215,            0.020094,            0.015671,           0.0020176,             0.83943,             0.72785,              0.7707,             0.44823,            0.031406,            0.016194,            0.011954,           0.0057628,           0.0057628,           0.0057628
                 216,            0.020275,             0.01565,           0.0020061,             0.84555,             0.72133,              0.7777,             0.45015,            0.031525,            0.016135,            0.012027,            0.005743,            0.005743,            0.005743
                 217,            0.019617,            0.015023,           0.0018802,             0.84476,             0.72533,             0.77598,              0.4492,            0.031466,            0.016215,            0.012095,           0.0057232,           0.0057232,           0.0057232
                 218,            0.019813,            0.015212,           0.0019908,             0.85712,             0.71698,             0.77855,             0.45661,            0.031405,            0.016188,            0.012166,           0.0057034,           0.0057034,           0.0057034
                 219,             0.02036,            0.015382,           0.0017678,             0.85079,             0.72049,             0.77957,             0.45975,            0.031484,            0.016201,            0.012094,           0.0056836,           0.0056836,           0.0056836
                 220,            0.019666,            0.015124,           0.0015787,             0.85489,             0.71934,               0.778,             0.45457,            0.031489,            0.016337,             0.01183,           0.0056638,           0.0056638,           0.0056638
                 221,            0.020024,            0.015318,           0.0020396,             0.86914,             0.72514,             0.77829,             0.46068,            0.031491,            0.016455,            0.011378,            0.005644,            0.005644,            0.005644
                 222,            0.020134,            0.015131,           0.0021407,             0.86084,             0.71934,             0.77503,             0.45886,            0.031782,            0.016603,            0.010984,           0.0056242,           0.0056242,           0.0056242
                 223,            0.019822,            0.015656,           0.0017665,             0.85158,             0.72801,             0.77433,             0.46161,            0.031833,            0.016622,            0.011175,           0.0056044,           0.0056044,           0.0056044
                 224,            0.019603,            0.014982,           0.0017475,             0.85503,             0.71984,             0.77587,             0.46141,            0.031734,            0.016746,            0.011101,           0.0055846,           0.0055846,           0.0055846
                 225,            0.019906,            0.015069,           0.0018203,             0.86219,             0.71772,             0.77542,             0.46293,            0.031785,            0.016863,            0.011626,           0.0055648,           0.0055648,           0.0055648
                 226,            0.019627,            0.015023,           0.0018188,             0.87076,             0.71509,             0.78078,             0.46334,            0.031828,            0.016811,            0.011468,            0.005545,            0.005545,            0.005545
                 227,            0.019878,            0.014758,            0.001714,             0.87142,              0.7217,             0.78916,              0.4632,            0.031799,            0.016826,            0.011612,           0.0055252,           0.0055252,           0.0055252
                 228,            0.019647,            0.015261,            0.001704,             0.87084,             0.72642,             0.78657,             0.46556,            0.031812,            0.016787,            0.011832,           0.0055054,           0.0055054,           0.0055054
                 229,            0.019381,            0.015093,           0.0016223,             0.86602,             0.72244,              0.7889,             0.46809,            0.031853,            0.016619,            0.011394,           0.0054856,           0.0054856,           0.0054856
                 230,            0.019699,            0.015061,           0.0019609,             0.85725,             0.71698,             0.78476,             0.46418,            0.031954,             0.01645,            0.011456,           0.0054658,           0.0054658,           0.0054658
                 231,            0.019762,            0.015011,           0.0017104,             0.85313,             0.72559,             0.78543,             0.46284,            0.032102,            0.016479,            0.011385,            0.005446,            0.005446,            0.005446
                 232,            0.019603,            0.014733,           0.0018825,             0.84423,             0.72767,             0.78397,              0.4615,            0.032193,            0.016589,            0.011334,           0.0054262,           0.0054262,           0.0054262
                 233,            0.019501,            0.014872,           0.0017596,             0.84729,             0.72507,             0.77867,             0.45931,            0.032353,            0.016678,            0.011018,           0.0054064,           0.0054064,           0.0054064
                 234,            0.019548,            0.014867,           0.0020948,             0.85708,             0.72406,             0.78288,             0.46079,            0.032325,            0.016792,            0.010862,           0.0053866,           0.0053866,           0.0053866
                 235,            0.019566,            0.015061,            0.001989,             0.85901,             0.71844,             0.78302,             0.46027,            0.032221,            0.016704,            0.010983,           0.0053668,           0.0053668,           0.0053668
                 236,             0.01977,            0.014995,           0.0018681,             0.84376,             0.71226,             0.77596,             0.45913,            0.032165,            0.016625,            0.011096,            0.005347,            0.005347,            0.005347
                 237,            0.019474,            0.015228,           0.0015722,             0.85707,             0.69936,             0.77119,             0.46183,             0.03237,              0.0167,            0.011116,           0.0053272,           0.0053272,           0.0053272
                 238,            0.019746,            0.015171,           0.0016567,             0.85267,             0.71155,             0.77397,             0.45739,            0.032427,            0.016697,             0.01126,           0.0053074,           0.0053074,           0.0053074
                 239,            0.019232,             0.01473,           0.0016477,             0.85084,             0.69867,             0.77354,             0.45907,            0.032458,            0.016705,            0.011637,           0.0052876,           0.0052876,           0.0052876
                 240,            0.019435,            0.014385,           0.0016385,             0.85295,             0.70488,             0.77731,             0.46154,            0.032355,            0.016804,            0.011153,           0.0052678,           0.0052678,           0.0052678
                 241,            0.019255,            0.015121,            0.001568,             0.84944,             0.70849,             0.78028,             0.46495,            0.032281,            0.016876,            0.010986,            0.005248,            0.005248,            0.005248
                 242,            0.018986,            0.014659,           0.0015187,             0.84648,             0.70991,             0.78271,             0.46541,            0.032258,             0.01685,            0.011037,           0.0052282,           0.0052282,           0.0052282
                 243,            0.019109,            0.014613,           0.0016774,             0.86747,             0.70519,             0.78057,             0.46267,            0.032361,             0.01685,            0.011264,           0.0052084,           0.0052084,           0.0052084
                 244,            0.019216,            0.014349,           0.0017689,              0.8613,             0.71404,              0.7806,             0.46465,            0.032171,            0.016813,            0.011376,           0.0051886,           0.0051886,           0.0051886
                 245,             0.01919,            0.014727,           0.0016328,             0.85922,               0.716,             0.78327,             0.46437,            0.032047,            0.016833,              0.0115,           0.0051688,           0.0051688,           0.0051688
                 246,             0.01917,            0.014599,           0.0016203,             0.86317,              0.7157,             0.78549,             0.46539,            0.032015,            0.016769,            0.011611,            0.005149,            0.005149,            0.005149
                 247,            0.019147,            0.014909,           0.0016483,             0.85919,              0.7217,             0.78724,             0.46647,            0.031926,            0.016748,            0.011622,           0.0051292,           0.0051292,           0.0051292
                 248,            0.019165,            0.014735,           0.0017082,             0.85969,             0.71925,             0.78741,             0.46782,            0.031833,            0.016713,            0.011724,           0.0051094,           0.0051094,           0.0051094
                 249,            0.019172,            0.014617,           0.0015903,             0.85706,             0.71899,             0.78463,             0.46894,            0.031795,            0.016679,            0.011856,           0.0050896,           0.0050896,           0.0050896
                 250,            0.019288,            0.014515,              0.0016,             0.85475,             0.72299,             0.78472,              0.4686,            0.031878,            0.016653,            0.012048,           0.0050698,           0.0050698,           0.0050698
                 251,            0.018631,            0.014143,           0.0015749,             0.84846,              0.7217,             0.78234,             0.46516,            0.031903,            0.016665,            0.012375,             0.00505,             0.00505,             0.00505
                 252,            0.019118,            0.014473,           0.0017243,             0.85101,             0.71876,             0.78141,             0.46302,            0.031918,            0.016669,            0.012518,           0.0050302,           0.0050302,           0.0050302
                 253,            0.018854,            0.014336,           0.0016783,             0.85109,             0.71872,             0.78502,             0.46288,            0.031978,            0.016716,            0.012309,           0.0050104,           0.0050104,           0.0050104
                 254,            0.019209,            0.014716,           0.0017653,             0.85148,             0.71934,             0.78401,             0.46373,            0.032068,            0.016739,            0.012391,           0.0049906,           0.0049906,           0.0049906
                 255,            0.018776,            0.014416,           0.0018047,             0.85604,             0.72049,             0.78639,             0.46383,            0.032048,            0.016703,            0.012424,           0.0049708,           0.0049708,           0.0049708
                 256,            0.019342,            0.014296,           0.0015325,             0.86506,             0.72421,             0.79007,              0.4681,             0.03207,            0.016697,            0.012244,            0.004951,            0.004951,            0.004951
                 257,            0.019027,            0.014715,           0.0015522,             0.86261,             0.71914,             0.78954,             0.46833,            0.032229,            0.016726,            0.012327,           0.0049312,           0.0049312,           0.0049312
                 258,            0.018845,             0.01452,           0.0015388,             0.86423,             0.71226,             0.78957,             0.46582,            0.032338,            0.016802,            0.012234,           0.0049114,           0.0049114,           0.0049114
                 259,            0.018688,            0.014428,           0.0015369,             0.86471,             0.70519,             0.78765,             0.46485,            0.032414,            0.016817,            0.012279,           0.0048916,           0.0048916,           0.0048916
                 260,            0.018482,            0.014349,           0.0015738,             0.86598,             0.71462,             0.78916,             0.46797,            0.032424,            0.016833,            0.012164,           0.0048718,           0.0048718,           0.0048718
                 261,             0.01885,            0.014234,           0.0015329,              0.8667,             0.71698,             0.79076,              0.4669,             0.03245,            0.016903,            0.012048,            0.004852,            0.004852,            0.004852
                 262,            0.018547,            0.014297,            0.001511,             0.87199,             0.71168,             0.78907,             0.46607,            0.032483,             0.01689,            0.012208,           0.0048322,           0.0048322,           0.0048322
                 263,            0.018522,            0.013762,            0.001515,              0.8662,             0.70991,             0.79137,             0.46515,            0.032464,            0.016883,            0.012254,           0.0048124,           0.0048124,           0.0048124
                 264,            0.018512,            0.014134,            0.001495,             0.86521,             0.70622,             0.79193,             0.46807,            0.032455,            0.016814,            0.012146,           0.0047926,           0.0047926,           0.0047926
